Tag,total_vid_count
python,18
python tutorial,17
learn python,16
python tutorial for beginners,12
python course,11
learn python programming,11
python programming,10
python full course,9
python programming tutorial,9
python basics,8
python language,8
python programming language,8
python for beginners,8
python (programming language),5
python from scratch,5
Python,5
python crash course,4
what is python,4
yt:cc=on,4
Python programming examples,3
coding,3
python tutorial in hindi,3
python edureka,3
what is python used for,3
software development,3
programming,3
python training,3
edureka,3
programming tutorial,3
python 3,3
java,3
science,2
python hindi,2
k18vlogs,2
what can you do with python,2
python tutorials,2
hastervlogs,2
vlogs,2
hydrabts,2
tutorial,2
dynamogaming,2
web development,2
MSK,2
getting started with python,2
alphaclasher,2
python for everybody,2
regaltoss,2
python variables,2
tanmaybhatt,2
hydradanger,2
Learn Python in Hindi,2
machine learning,2
python 2020,2
8bitthug,2
ghatakcontroversy,2
mumbaikarnikhil,2
payalgaming,2
how to learn python,2
programming language,2
Python Tutorial in Hindi,2
mortal,2
telusko,2
karansehgal,2
8bitgoldy,2
hydrakanika,2
travelingdesi,2
8bitmercy,2
hydraayush,2
Python Full Course in Hindi,2
dynovlogs,2
hydrabagheera,2
bgmi,2
hydrabootcamp,2
Learn Python,2
introduction to python,2
hailhydra,2
hydrabootcampvideo,2
hydrawrath,2
freecodecamp,2
bittyexplore,2
mohitchiikara,2
reddy,2
GodLlollz,2
s8ulvlogs,2
What is python used for,2
8bitmamba,2
why python,2
ghatakgaming,2
Python in Hindi,2
hydravss8ul,2
edureka python,2
learn python from scratch,2
code,2
navin,2
Python tutorial,2
mosh hamedani,2
python applications,2
hydraemperorgaming,2
python for everyone,2
python tutorial 2021,2
hydrahrishav,2
Python programming for the absolute beginner,2
akashdodeja,2
TxContro,2
Python Tutorial,2
python in single video,1
python mastery,1
complete python,1
How to learn python programming for free,1
#livingthedream,1
feeding,1
$1000 game making challenge,1
python movie part 1,1
les bases de python,1
python nprogramming,1
malayalam programming tutorial malayalam,1
How to Learn Python Programming Language From Basic in Hindi,1
robotics,1
Développement,1
What is Python With Full Information?,1
Taronga Zoo,1
natgeo,1
how to master python,1
python operators,1
Reticulated Python,1
formation python complet,1
python for hackers,1
FEATURES,1
types of arguments,1
hollywood movies,1
computer programming for beginners,1
Feeding a Reticulated Python,1
Files in Python,1
MySQL,1
history of python,1
hindi course python,1
python right now,1
python tutorial by Harry bhai,1
nikhilkilivayil,1
programmation python,1
python 2000 full movie,1
membership,1
best game wins $1000,1
reptile pets,1
best malayalam coding tutorial,1
python movie in hindi,1
retic,1
python beginner guide,1
Python for Data Science,1
SUNDEEP,1
Secrets of the Zoo,1
python functions in tamil,1
nat geo wild,1
control structures,1
Python tutorial for beginners,1
english classic movies full length,1
cyber security,1
python full course in hindi,1
variables,1
reptiles,1
ai,1
best c++ game wins $1000 - game making challenge,1
python data sciencw,1
zoology,1
techworld with nana,1
python gratuit,1
eating,1
learn python in one video hindi,1
comment installer python,1
learn python hindi,1
python syntax,1
tutoriel python,1
cours python pour debutant,1
documentary,1
wild,1
python expert,1
python history,1
Learn,1
tuto python,1
java tutorial for beginners,1
Python software,1
python tutorial by santosh,1
google,1
how to install python,1
python movies full,1
Python in Tamil,1
installation python,1
programming with mosh,1
Python Language,1
5 minutes,1
python introduction in telugu,1
nikhil kilivayil,1
mysirg.com,1
python tutorial for beginners in hindi,1
best python tutorial in malayalam,1
py4e,1
hindi tutorial on python,1
how to master python in 100 days,1
python software,1
python malayalam,1
Shukla,1
miziziziz,1
python class 12,1
flyingbeast,1
24 hours,1
apprendre python,1
How to Learn Python programming,1
python tutorial in tamil youtube,1
code with mosh,1
python object,1
python in hindi,1
TELUGU TUTORIAL,1
python tutorial for beginners full,1
Numpy,1
Geeksforgeeks python,1
python programming for beginners,1
how to execute python programs,1
snake eats,1
Python by Saurabh Sir,1
Best way to learn python,1
data science,1
C++ tutorial for beginners,1
python 2000 full length english movie,1
python tutorials in tamil,1
Python Language Video in Hindi,1
easy python coding tutorial malayalam,1
Tutor Joes,1
mastering python,1
how to code,1
SARADHI,1
snake eating,1
best python course,1
game dev challenge,1
python malayalam tutorial,1
How to Learn Python Programming Language From Basic,1
health,1
national geographic,1
buckshot,1
full english movies,1
APPLICATIONS,1
prehistoric pets,1
python complete course,1
python data science tutorial malayalam,1
PYTHON BASICS,1
why should i learn python,1
mysirg,1
learn python programming for beginners,1
programming tutorial for beginners,1
python programming pdf,1
$1000 game dev challenge,1
what is python programming,1
Hindi,1
reptile collection,1
jay brewer,1
python tutorial code with harry,1
learn,1
python débutant,1
PROGRAMMING,1
basic python,1
hollywood movies 2016,1
How to Learn Python With Full Information?,1
python dictionaries,1
advance python,1
two birds one stone,1
malayalam coding tutorial,1
python course for beginners,1
Pandas,1
python tutorial edureka,1
Python basics,1
PLATFORM INDEPENDENT,1
python masterclass,1
python tamil book,1
indie dev,1
intermediate python,1
howco.de,1
reptile,1
snake,1
DICTIONARY,1
fylingbeast,1
python oops,1
Programmation,1
discover,1
prehistoric pets tv,1
sauravjoshivlogs,1
python machine learning,1
conditional statements,1
python in tamil,1
KANTHETY,1
reticulated pythons,1
python introduction telugu,1
python cours complet,1
python tutorial 2018,1
How to Become Master in Python?,1
sauravjoshivlog,1
Feeding,1
computer programming language,1
oops in python,1
Data Types in Python,1
why learn python coding,1
python telugu,1
Python tutorial for beginners in Hindi,1
Functions in Python,1
Saurabh,1
game dev,1
C language,1
python training videos,1
indentation,1
how to run python programs,1
identity,1
university of michigan,1
study,1
online college,1
expert python,1
formation python,1
why to learn python,1
another six months,1
Python Kaise Sikhe?,1
TUPLES,1
why you need to learn python,1
$1000,1
python tuples,1
game jam,1
prehistoricpetstv,1
you need to learn python right now,1
python tutorial 2019,1
python tutorial in telugu,1
javascript tutorial for beginners,1
python list,1
PYTHON FUNDAMENTALS,1
online masters degree,1
dr. chuck,1
Python for beginners,1
python course in hindi free,1
GodLkronton,1
python in 8 minutes,1
recursion,1
polymars,1
eats,1
pygame jam,1
Edureka python,1
animal planet,1
Frayne Rosanoff,1
howcode.org,1
coding tutorial for beginners,1
education,1
feed the snake,1
Sydney,1
masters degree accreditation,1
nat geo,1
frayne rosanoff movie,1
learn programming,1
why learn python programming language,1
python application,1
python object oriented programming,1
operators,1
python programming tutorial in hindi,1
animals,1
files,1
gamedev,1
python 2000 full movie download,1
snake collection,1
loops,1
Python programming,1
python tutorial by harry,1
What is python?,1
python coding,1
Feed,1
python programming examples,1
why learn python,1
python scripting,1
dr chuck,1
applications,1
crossroads,1
identifiers,1
learn python basics,1
C-Language,1
core python programming,1
Python Language History,1
BEGINNERS,1
Features of python,1
why you should learn python programming,1
LIST,1
language,1
PYTHON SHELL,1
learn python in one video,1
Introduction to Python,1
tech with tim,1
PYTHON FIR BEGINNERS,1
python 2000 full movie online free,1
Hollywood Full Movies,1
How can I teach myself Python?,1
thesis,1
applications of python,1
winner gets $1000,1
cours python,1
Sir,1
online courses,1
Python Data Science Hindi,1
pygame,1
C++,1
jay brewer snake video,1
python master,1
c++,1
python full tutorial in tamil,1
pygame game,1
u of m,1
GodLkrontron,1
learn python malayalam,1
python django tutorial,1
english movies,1
Down Under,1
codewithharry python,1
how to code in python,1
rabbit,1
master of zoology,1
learn python tutorials,1
Great Learning,1
python tutorial français,1
why learn python 2019,1
snake tries to enter house,1
university,1
Python Tutorial for Beginners,1
SET,1
Python Tutorial in Hindi for beginners,1
learn python in tamil,1
python zero to hero,1
python basics for beginners,1
gmtk game jam,1
gmtk,1
freecodecamp python,1
python book in tamil pdf,1
alphaclogs,1
python projects,1
learn python in telugu,1
hollywood movies 2016 full movies,1
anaconda,1
python coding challenge,1
Taronga Zoo in Sydney,1
bachelor degree accreditation,1
why learn python first,1
python tutorial telugu web guru,1
game making challenge,1
python automation,1
Python for Data Analytics,1
alphavlogs,1
Data Science,1
charles severance,1
reptile room,1
snake eyes,1
hollywood action movie new,1
learning pygame,1
python tutorial by telugu web guru,1
LIBRARIES,1
learn python in hindi,1
what does it take to master python,1
master python,1
breeding pythons,1
INTRODUCTION,1
Learn python,1
complete python tutorial,1
How to Learn Python in Hindi?,1
python 2019,1
INTERPRETER,1
python tutorial class in tamil,1
Python Hindi,1
Secrets of the Zoo: Down Under,1
FUNCTIONS,1
PYTHON,1
how,1
african rock python,1
$1000 game jam,1
professional snake handler,1
Basic Se Python Programming Language Kaise Sikhe,1
prehistoricpets,1
wildlife,1
python in hindi fast,1
barji,1
Guido Van Rossum,1
hollywood classics full movies,1
PYTHON IN TELUGU,1
python data science,1
ethical hacking,1
reptile zoo,1
Reptile Channel,1
cours python complet,1
What is Python With Full Information in Hindi?,1
python movie,1
indie game devlog,1
Python Tutorial for beginners,1
programming for beginners,1
python class 10 cbse,1
tamil hacks,1
python in one video,1
python download,1
nature,1
howCode,1
Python for Beginners,1
Django,1
Python Programming in Hindi,1
learn python for free,1
coder en python,1
department of botany and zoology,1
How to learn python for free,1
python telugu tutorial,1
2 game devs vs $1000,1
Where can I learn Python for free?,1
placements,1
reptile room tour,1
python data visualization,1
Online degree program,1
simplified learner,1
i made a game,1
$1000 gamedev challenge,1
why learn python programming,1
python basic tutorial malayalam,1
Flask in Tamil,1
snakes,1
retics,1
